{"jobs":[
	{"company_name":"Arrowmac",
		"description":"re looking for a tech-savvy <b>Front-end</b> developer with 3+ years experience to join our ad agency&#x27;s production team. You will be responsible for building client-side web applications,Network Troubleshooting and ..." ,
		"featured":false,"featured_text":"",
		"remote":true,
		"term":"Full Time",
		"title":"Senior Front-end Developer",
		"url":"https://youteam.co.uk/",
		"hashid":"nAmjQE",
		"address":null},

	{"company_name":"Beta",
		"description":"",
		"featured":false,"featured_text":"",
		"remote":true,"term":"Full Time",
		"title":"Chef's Assitant",
		"url":"http://www.jlpjobs.com/search-jobs/?job_type=Catering%20%26%20Hospitality&division=Head%20Office&utm_source=facebook&utm_medium=cpc&utm_campaign=hospitality&utm_content=0412-john-lewis-general-hospitality-roles-europe&gclid=Cj0KCQiAtJbTBRDkARIsAIA0a5PG9h-jg5B5d7lCs-mOWWdvoWuF_1R8hzWC3E5Fspn8QwAsnWaw7MsaAgpzEALw_wcB",
		"hashid":"",
		"address":null},

	{"company_name":"Coorva Inc.",
		"description":"We are seeking a Web Developer - Full Stack With Focus On Web <b>Frontend</b> Development to join our team! Please note that this is a Contract position. Primary Job requirements: * 10 years of solid full&nbsp;...",
		"featured":false,
		"featured_text":"",
		"remote":false,
		"term":"Full Time",
		"title":"Web Developer - Full Stack With Focus On Web Frontend Development",
		"url":"http://www.coorva.com/",
		"hashid":"",
		"address":null},

	{"company_name":"Reed Property and Construction",
		"description":"Required experience and qualifications: Landscaping/ Ground working/ Skilled Labourer and CSCS (Construction Skills Certification Scheme) and PPE",
		"featured":false,
		"featured_text":"",
		"remote":false,
		"term":"Full Time",
		"title":"Landscaper",
		"url":"http://www.reed.com/",
		"hashid":"",
		"address":null},

{"company_name":"CAPGEMINI UK PLC",
		"description":"Alternative, accelerated path into the IT industry. 4 ½ year study and work programme from Capgemini. BSc (Honours) in Digital & Technology Solutions through Aston University. Sponsored - no student loan or tuition fee debts.",
		"featured":false,
		"featured_text":"",
		"remote":false,
		"term":"Full Time",
		"title":"IT Degree Apprenticeship",
		"url":"http://www.CAPGEMINI.com/",
		"hashid":"",
		"address":null},

{"company_name":"Octopus Investments Limited",
		"description":"An opportunity for a fast learning, customer-obsessed individual with a can-do attitude to join a busy and fast paced HR team within the Octopus Group to work on a variety of tasks that will give them really far-reaching HR and business experience.",
		"featured":false,
		"featured_text":"",
		"remote":false,
		"term":"Full Time",
		"title":"HR Assistant Apprentice",
		"url":"http://www.octopus.com/",
		"hashid":"",
		"address":null},

{"company_name":"Davril Jewels",
		"description":"You’ll be part of an ambitious team in a highly successful bespoke jewellery retailer, a team that thrives by driving the standard in customer care, delivering sales advice that people can trust.",
		"featured":false,
		"featured_text":"",
		"remote":false,
		"term":"Full Time",
		"title":"Retail sales apprenticeship",
		"url":"http://www.davril-jewels.com/",
		"hashid":"",
		"address":null},

{"company_name":"Telephonics",
		"description":"We are seeking an electrician with +2 years of exprience",
		"featured":false,
		"featured_text":"",
		"remote":true,
		"term":"Full Time",
		"title":"Electrician",
		"url":"https://www.telephonics.com/",
		"hashid":"nAmjQE",
		"address":null},

{"company_name":"Smta",
		"description":"Various employers at Smithfield Market are looking to employ apprentices to start work as cutters or salesmen, mainly night shifts, All skills and training provided free. Ideal for candidates aged 18 or over. Existing Market workers may be eligible to join the scheme.",
		"featured":false,
		"featured_text":"",
		"remote":true,
		"term":"Full Time",
		"title":"Butchery Apprenticeship",
		"url":"https://www.smta.com/",
		"hashid":"nAmjQE",
		"address":null},

{"company_name":"Johnson Matthey (Nominees) Limited",
		"description":"You will prepare fresh ingredients and learn to cook to a high standard. You will also learn to prepare the dining areas at City Office for lunches / buffets / dinners and how to run front of house for those events, with a focus on excellent customer service.",
		"featured":false,
		"featured_text":"",
		"remote":true,
		"term":"Full Time",
		"title":"Catering Apprentice",
		"url":"https://www.telephonics.com/",
		"hashid":"nAmjQE",
		"address":null}]}